Generation,Fitness Avg,Fitness Best,Execution Time
0,491.0577777777778,637,0.004085636138916016
1,448.4577777777778,637
2,535.9377777777778,637
3,591.5511111111111,637
4,658.8888888888889,637
