Generation,Fitness Avg,Fitness Best,Execution Time
1,451.8621821821822,637,2607.0237159729004
2,412.6404404404401,637,2607.0237159729004
3,483.3909109109109,637,2607.0237159729004
4,551.5724524524525,637,2607.0237159729004
5,584.6966966966974,637,2607.0237159729004
6,599.9445845845848,637,2607.0237159729004
7,607.7839439439439,637,2607.0237159729004
8,614.6028428428428,637,2607.0237159729004
9,618.7818618618619,637,2607.0237159729004
10,619.8703503503503,637,2607.0237159729004
