Generation,Fitness Avg,Fitness Best,Execution Time
1,454.45157157157126,637,627.6185512542725
2,418.5386186186183,637,627.6185512542725
3,484.93237237237173,637,627.6185512542725
