Generation,Fitness Avg,Fitness Best,Execution Time
1,452.8653053053055,637,344.3171977996826
2,413.7655255255254,637,344.3171977996826
