Generation,Fitness Avg,Fitness Best,Execution Time
1,451.4022822822825,637,1402.205467224121
2,414.978258258258,637,1402.205467224121
3,485.6085685685686,637,1402.205467224121
4,547.1801801801801,637,1402.205467224121
5,583.09933933934,637,1402.205467224121
6,603.0482882882883,637,1402.205467224121
