Generation,Fitness Avg,Fitness Best,Execution Time
1,452.8341941941949,637,1800.5774021148682
2,408.63271271271265,637,1800.5774021148682
3,484.2233033033031,637,1800.5774021148682
4,548.8190590590594,637,1800.5774021148682
5,580.894294294294,637,1800.5774021148682
6,601.0712712712713,637,1800.5774021148682
7,610.3594394394394,637,1800.5774021148682
