Generation,Fitness Avg,Fitness Best,Execution Time
1,452.63675675675705,637,904.5274257659912
2,408.2375575575568,637,904.5274257659912
3,481.7561561561563,637,904.5274257659912
4,547.01933933934,637,904.5274257659912
