Generation,Fitness Avg,Fitness Best,Execution Time
1,451.35435435435426,637,727.82301902771
2,424.9437437437441,637,727.82301902771
3,491.1822822822819,637,727.82301902771
4,549.5224224224223,637,727.82301902771
5,582.2884884884888,637,727.82301902771
