Generation,Fitness Avg,Fitness Best,Execution Time
1,451.7991991991993,637,1140.662431716919
2,376.8793993993989,637,1140.662431716919
3,409.0454054054055,637,1140.662431716919
4,463.6869669669668,637,1140.662431716919
5,507.7364964964961,637,1140.662431716919
