Generation,Fitness Avg,Fitness Best,Execution Time
1,453.8120520520524,637,2316.577672958374
2,497.2595795795804,637,2316.577672958374
3,599.3697697697697,637,2316.577672958374
4,626.7498698698702,637,2316.577672958374
5,632.9301701701702,637,2316.577672958374
