Generation,Fitness Avg,Fitness Best,Execution Time
1,452.118198198198,637,1246.8147277832031
2,411.7086286286285,637,1246.8147277832031
3,480.4678678678671,637,1246.8147277832031
4,546.3499899899904,637,1246.8147277832031
5,583.6144144144143,637,1246.8147277832031
