Generation,Fitness Avg,Fitness Best,Execution Time
1,451.4005205205211,637,2249.720811843872
2,528.8827627627638,637,2249.720811843872
3,620.4003203203202,637,2249.720811843872
4,633.4192592592592,637,2249.720811843872
5,635.7015415415416,637,2249.720811843872
