Generation,Fitness Avg,Fitness Best,Execution Time
1,451.8088888888888,637,2229.9301624298096
2,412.8519319319318,637,2229.9301624298096
3,483.37309309309256,637,2229.9301624298096
4,545.9551151151151,637,2229.9301624298096
5,579.325645645646,637,2229.9301624298096
6,601.5123123123124,637,2229.9301624298096
7,611.7396596596597,637,2229.9301624298096
8,616.6449649649653,637,2229.9301624298096
9,618.9541541541541,637,2229.9301624298096
