Generation,Fitness Avg,Fitness Best,Execution Time
1,452.16072072072063,637,0.0012250568866729737
2,415.2973773773773,637,0.0012250568866729737
3,481.07975975975955,637,0.0012250568866729737
4,542.036836836837,637,0.0012250568866729737
5,579.2463263263265,637,0.0012250568866729737
