Generation,Fitness Avg,Fitness Best,Execution Time
1,453.0631131131126,637,0.0010655741691589355
2,423.7071571571571,637,0.0010655741691589355
3,489.0674674674677,637,0.0010655741691589355
4,553.0792792792795,637,0.0010655741691589355
5,585.5332832832837,637,0.0010655741691589355
