Generation,Fitness Avg,Fitness Best,Execution Time
1,453.2514514514512,637,0.0012842235565185547
2,409.8794127460797,637,0.0012842235565185547
3,489.60930930930897,637,0.0012842235565185547
4,551.8623623623623,637,0.0012842235565185547
5,584.6566566566568,637,0.0012842235565185547
