Generation,Fitness Avg,Fitness Best,Execution Time
1,453.62862862862875,637,894.2809104919434
2,430.4048048048053,637,894.2809104919434
3,494.7675675675672,637,894.2809104919434
4,557.162896229563,637,894.2809104919434
5,587.4770103436766,637,894.2809104919434
