Generation,Fitness Avg,Fitness Best,Execution Time
1,453.9275275275276,637,0.0008702681064605713
2,421.82829496162816,637,0.0008702681064605713
3,490.7660326993654,637,0.0008702681064605713
4,550.1149816483152,637,0.0008702681064605713
5,584.9259926593263,637,0.0008702681064605713
